weight,efficacy
5,4.900000000000006
8,4.400000000000006
11,6.200000000000003
14,19.599999999999994
17,20.39999999999999
20,24.5
