weight,efficacy
1,0.7999999999999972
2,1.0
3,1.2999999999999972
4,1.7000000000000028
