weight,efficacy
1,1.0999999999999943
2,1.7000000000000028
3,2.1000000000000085
4,2.200000000000003
