weight,efficacy
5,8.399999999999991
8,9.599999999999994
11,10.0
14,33.39999999999999
17,37.7
20,42.800000000000004
