weight,efficacy
5,2.6000000000000085
8,3.5
11,4.299999999999997
14,14.5
17,16.400000000000006
20,15.5
