pmax_art,efficacy
0.99997,100.0
0.99734,99.86
0.99471,98.93
0.99208,95.19
0.98945,89.95
0.98682,81.2
0.98419,72.32
0.98156,62.38
0.97893,54.589999999999996
0.9763,45.57
0.97367,37.8
0.97104,31.340000000000003
0.96841,26.14999999999999
0.96578,21.36
0.96315,17.290000000000006
0.9605199999999999,14.579999999999998
0.9578899999999999,11.659999999999997
0.95526,10.070000000000007
0.95263,7.359999999999999
0.95,6.549999999999997
