,pmax_lum,EC50_lum,Efficacy (%)
225,0.6873125,30.0,87.88
378,0.8121875000000001,51.25,87.02
454,0.874625,58.33333333333333,87.3
479,0.8954375,58.33333333333333,87.64
580,0.9786875,65.41666666666666,87.84
605,0.9995,65.41666666666666,87.98
