pmax_art,efficacy
0.99997,100.0
0.99734,99.86
0.99471,98.93
0.99208,95.19
0.98945,89.95
0.98682,81.2
0.98419,72.32
0.98156,62.38
0.97893,54.59
0.9763,45.57
0.97367,37.8
0.97104,31.34
0.96841,26.15
0.96578,21.36
0.96315,17.29
0.9605199999999999,14.58
0.9578899999999999,11.66
0.95526,10.07
0.95263,7.36
0.95,6.55
